{"cameraMode":{"drawMode":0,"name":"Shaded","section":"Shading Mode"},"sceneLighting":false,"audioPlay":false,"sceneViewState":{"m_AlwaysRefresh":false,"showFog":true,"showSkybox":false,"showFlares":true,"showImageEffects":true,"showParticleSystems":true,"showVisualEffectGraphs":true,"m_FxEnabled":true},"in2DMode":false,"pivot":{"x":-1.2400000095367432,"y":0.09000001847743988,"z":4.170000076293945},"rotation":{"x":-0.17788052558898927,"y":0.8143872022628784,"z":-0.32368558645248415,"w":-0.44756782054901125},"size":0.8660253882408142,"orthographic":false}