{"cameraMode":{"drawMode":0,"name":"Shaded","section":"Shading Mode"},"sceneLighting":false,"audioPlay":false,"sceneViewState":{"m_AlwaysRefresh":false,"showFog":true,"showSkybox":false,"showFlares":true,"showImageEffects":true,"showParticleSystems":true,"showVisualEffectGraphs":true,"m_FxEnabled":true},"in2DMode":false,"pivot":{"x":-2.308807611465454,"y":-0.049495697021484378,"z":6.708287239074707},"rotation":{"x":-0.39591309428215029,"y":0.16547343134880067,"z":-0.0727960541844368,"w":-0.9002946615219116},"size":2.9957058429718019,"orthographic":false}