{"cameraMode":{"drawMode":0,"name":"Shaded","section":"Shading Mode"},"sceneLighting":true,"audioPlay":false,"sceneViewState":{"m_AlwaysRefresh":false,"showFog":true,"showSkybox":true,"showFlares":true,"showImageEffects":true,"showParticleSystems":true,"showVisualEffectGraphs":true,"m_FxEnabled":true},"in2DMode":false,"pivot":{"x":-8.921216011047364,"y":0.7223691940307617,"z":-5.135038375854492},"rotation":{"x":0.002826588461175561,"y":-0.9898180961608887,"z":0.14080965518951417,"w":0.019906071946024896},"size":9.012256622314454,"orthographic":false}